<PixelFont>
  <Width>5</Width>
  <Height>9</Height>
  <LineSpacing>4</LineSpacing>
  <LetterSpacing>1</LetterSpacing>
  <Descender>2</Descender>
  <Chars>
	<Char>
	  <ID>48</ID>
	  <Width>5</Width>
	</Char>
	<Char>
	  <ID>49</ID>
	  <Width>3</Width>
	</Char>
	<Char>
	  <ID>50-57</ID>
	  <Width>5</Width>
	</Char>
	<Char>
	  <ID>65-72</ID>
	  <Width>5</Width>
	</Char>
	<Char>
	  <ID>73</ID>
	  <Width>1</Width>
	</Char>
	<Char>
	  <ID>74-90</ID>
	  <Width>5</Width>
	</Char>
	<Char>
	  <ID>97</ID>
	  <Width>5</Width>
	</Char>
	<Char>
	  <ID>98-99</ID>
	  <Width>4</Width>
	</Char>
	<Char>
	  <ID>100</ID>
	  <Width>5</Width>
	</Char>
	<Char>
	  <ID>101</ID>
	  <Width>4</Width>
	</Char>
	<Char>
	  <ID>102</ID>
	  <Width>3</Width>
	</Char>
	<Char>
	  <ID>103-104</ID>
	  <Width>4</Width>
	</Char>
	<Char>
	  <ID>105</ID>
	  <Width>1</Width>
	</Char>
	<Char>
	  <ID>106</ID>
	  <Width>3</Width>
	</Char>
	<Char>
	  <ID>107</ID>
	  <Width>4</Width>
	</Char>
	<Char>
	  <ID>108</ID>
	  <Width>2</Width>
	</Char>
	<Char>
	  <ID>109</ID>
	  <Width>5</Width>
	</Char>
	<Char>
	  <ID>110-113</ID>
	  <Width>4</Width>
	</Char>
	<Char>
	  <ID>114-116</ID>
	  <Width>3</Width>
	</Char>
	<Char>
	  <ID>117-118</ID>
	  <Width>4</Width>
	</Char>
	<Char>
	  <ID>119</ID>
	  <Width>5</Width>
	</Char>
	<Char>
	  <ID>120-122</ID>
	  <Width>4</Width>
	</Char>
	<Char>
	  <ID>32</ID>
	  <Width>3</Width>
	</Char>
	<Char>
	  <ID>33</ID>
	  <Width>1</Width>
	</Char>
	<Char>
	  <ID>34</ID>
	  <Width>2</Width>
	</Char>
	<Char>
	  <ID>35-36</ID>
	  <Width>5</Width>
	</Char>
	<Char>
	  <ID>37</ID>
	  <Width>4</Width>
	</Char>
	<Char>
	  <ID>38</ID>
	  <Width>5</Width>
	</Char>
	<Char>
	  <ID>39</ID>
	  <Width>1</Width>
	</Char>
	<Char>
	  <ID>40-43</ID>
	  <Width>3</Width>
	</Char>
	<Char>
	  <ID>44</ID>
	  <Width>2</Width>
	</Char>
	<Char>
	  <ID>45</ID>
	  <Width>3</Width>
	</Char>
	<Char>
	  <ID>46</ID>
	  <Width>1</Width>
	</Char>
	<Char>
	  <ID>47</ID>
	  <Width>3</Width>
	</Char>
	<Char>
	  <ID>58</ID>
	  <Width>1</Width>
	</Char>
	<Char>
	  <ID>59</ID>
	  <Width>2</Width>
	</Char>
	<Char>
	  <ID>60-62</ID>
	  <Width>3</Width>
	</Char>
	<Char>
	  <ID>63</ID>
	  <Width>4</Width>
	</Char>
	<Char>
	  <ID>64</ID>
	  <Width>5</Width>
	</Char>
	<Char>
	  <ID>91-94</ID>
	  <Width>3</Width>
	</Char>
	<Char>
	  <ID>95</ID>
	  <Width>5</Width>
	</Char>
	<Char>
	  <ID>96</ID>
	  <Width>2</Width>
	</Char>
	<Char>
	  <ID>123</ID>
	  <Width>3</Width>
	</Char>
	<Char>
	  <ID>124</ID>
	  <Width>1</Width>
	</Char>
	<Char>
	  <ID>125</ID>
	  <Width>3</Width>
	</Char>
	<Char>
	  <ID>126</ID>
	  <Width>4</Width>
	</Char>
  </Chars>
</PixelFont>